{"cameraMode":{"drawMode":0,"name":"Shaded","section":"Shading Mode"},"sceneLighting":false,"audioPlay":false,"sceneViewState":{"showFog":true,"showMaterialUpdate":false,"showSkybox":false,"showFlares":true,"showImageEffects":true,"showParticleSystems":true},"in2DMode":false,"pivot":{"x":1.1050643920898438,"y":8.208876609802246,"z":13.327192306518555},"rotation":{"x":-0.20030970871448518,"y":0.5320320129394531,"z":-0.1312372237443924,"w":-0.8122186064720154},"size":8.048334121704102,"orthographic":false}