{"cameraMode":{"drawMode":0,"name":"Shaded","section":"Shading Mode"},"sceneLighting":false,"audioPlay":false,"sceneViewState":{"showFog":true,"showMaterialUpdate":false,"showSkybox":false,"showFlares":true,"showImageEffects":true,"showParticleSystems":true},"in2DMode":false,"pivot":{"x":-1.7827636003494263,"y":2.2497410774230959,"z":3.459390878677368},"rotation":{"x":0.05644730478525162,"y":0.915581464767456,"z":-0.13837257027626038,"w":0.3734578490257263},"size":0.000020683077309513465,"orthographic":true}