{"cameraMode":{"drawMode":0,"name":"Shaded","section":"Shading Mode"},"sceneLighting":false,"audioPlay":false,"sceneViewState":{"showFog":true,"showMaterialUpdate":false,"showSkybox":false,"showFlares":true,"showImageEffects":true,"showParticleSystems":true},"in2DMode":false,"pivot":{"x":-5.280293941497803,"y":3.6521120071411135,"z":-0.09893131256103516},"rotation":{"x":-0.20030970871448518,"y":0.5320320129394531,"z":-0.1312372237443924,"w":-0.8122186064720154},"size":9.734352111816407,"orthographic":false}