{"cameraMode":{"drawMode":0,"name":"Shaded","section":"Shading Mode"},"sceneLighting":false,"audioPlay":false,"sceneViewState":{"showFog":true,"showMaterialUpdate":false,"showSkybox":false,"showFlares":true,"showImageEffects":true,"showParticleSystems":true},"in2DMode":false,"pivot":{"x":0.7049615383148193,"y":2.999976634979248,"z":0.7049514055252075},"rotation":{"x":0.05644730478525162,"y":0.915581464767456,"z":-0.13837257027626038,"w":0.3734578490257263},"size":3.161348819732666,"orthographic":true}