{"cameraMode":{"drawMode":0,"name":"Shaded","section":"Shading Mode"},"sceneLighting":false,"audioPlay":false,"sceneViewState":{"showFog":true,"showMaterialUpdate":false,"showSkybox":false,"showFlares":true,"showImageEffects":true,"showParticleSystems":true},"in2DMode":false,"pivot":{"x":0.000012159347534179688,"y":2.9997968673706056,"z":0.499988317489624},"rotation":{"x":0.14148984849452973,"y":-0.6962119936943054,"z":0.14294195175170899,"w":0.6891507506370544},"size":4.272036552429199,"orthographic":true}