{"cameraMode":{"drawMode":0,"name":"Shaded","section":"Shading Mode"},"sceneLighting":false,"audioPlay":false,"sceneViewState":{"showFog":true,"showMaterialUpdate":false,"showSkybox":false,"showFlares":true,"showImageEffects":true,"showParticleSystems":true},"in2DMode":false,"pivot":{"x":-22.121673583984376,"y":4.4558515548706059,"z":14.993282318115235},"rotation":{"x":-0.17444486916065217,"y":0.6367924213409424,"z":-0.15100587904453278,"w":-0.7357757687568665},"size":25.53423500061035,"orthographic":false}