{"cameraMode":{"drawMode":0,"name":"Shaded","section":"Shading Mode"},"sceneLighting":false,"audioPlay":false,"sceneViewState":{"showFog":true,"showMaterialUpdate":false,"showSkybox":false,"showFlares":true,"showImageEffects":true,"showParticleSystems":true},"in2DMode":false,"pivot":{"x":0.00003457069396972656,"y":2.9999754428863527,"z":-0.000022411346435546875},"rotation":{"x":0.05644730478525162,"y":0.915581464767456,"z":-0.13837257027626038,"w":0.3734578490257263},"size":3.316666603088379,"orthographic":true}