{"cameraMode":{"drawMode":0,"name":"Shaded","section":"Shading Mode"},"sceneLighting":false,"audioPlay":false,"sceneViewState":{"showFog":true,"showMaterialUpdate":false,"showSkybox":false,"showFlares":true,"showImageEffects":true,"showParticleSystems":true},"in2DMode":false,"pivot":{"x":0.0000011920928955078126,"y":1.000000238418579,"z":0.0},"rotation":{"x":0.017256738618016244,"y":-0.6945266723632813,"z":0.016675103455781938,"w":0.7191309332847595},"size":2.4494903087615969,"orthographic":true}