{"cameraMode":{"drawMode":0,"name":"Shaded","section":"Shading Mode"},"sceneLighting":false,"audioPlay":false,"sceneViewState":{"showFog":true,"showMaterialUpdate":false,"showSkybox":false,"showFlares":true,"showImageEffects":true,"showParticleSystems":true},"in2DMode":false,"pivot":{"x":-9.100000381469727,"y":3.809999942779541,"z":11.300000190734864},"rotation":{"x":-0.17444486916065217,"y":0.6367924213409424,"z":-0.15100587904453278,"w":-0.7357757687568665},"size":3.3000166416168215,"orthographic":false}