{"cameraMode":{"drawMode":0,"name":"Shaded","section":"Shading Mode"},"sceneLighting":false,"audioPlay":false,"sceneViewState":{"showFog":true,"showMaterialUpdate":false,"showSkybox":false,"showFlares":true,"showImageEffects":true,"showParticleSystems":true},"in2DMode":false,"pivot":{"x":6.409999847412109,"y":1.3890000581741334,"z":-0.492000013589859},"rotation":{"x":-0.20030970871448518,"y":0.5320320129394531,"z":-0.1312372237443924,"w":-0.8122186064720154},"size":1.5000174045562745,"orthographic":false}