{"cameraMode":{"drawMode":0,"name":"Shaded","section":"Shading Mode"},"sceneLighting":false,"audioPlay":false,"sceneViewState":{"showFog":true,"showMaterialUpdate":false,"showSkybox":false,"showFlares":true,"showImageEffects":true,"showParticleSystems":true},"in2DMode":false,"pivot":{"x":0.0,"y":2.4979453086853029,"z":0.6190700531005859},"rotation":{"x":0.05644730478525162,"y":0.915581464767456,"z":-0.13837257027626038,"w":0.3734578490257263},"size":14.66715145111084,"orthographic":true}