{"cameraMode":{"drawMode":0,"name":"Shaded","section":"Shading Mode"},"sceneLighting":false,"audioPlay":false,"sceneViewState":{"showFog":true,"showMaterialUpdate":false,"showSkybox":false,"showFlares":true,"showImageEffects":true,"showParticleSystems":true},"in2DMode":false,"pivot":{"x":-2.0930471420288088,"y":-0.01090383529663086,"z":9.634385108947754},"rotation":{"x":-0.17444486916065217,"y":0.6367924213409424,"z":-0.15100587904453278,"w":-0.7357757687568665},"size":9.041918754577637,"orthographic":false}