{"cameraMode":{"drawMode":0,"name":"Shaded","section":"Shading Mode"},"sceneLighting":false,"audioPlay":false,"sceneViewState":{"showFog":true,"showMaterialUpdate":false,"showSkybox":false,"showFlares":true,"showImageEffects":true,"showParticleSystems":true},"in2DMode":false,"pivot":{"x":0.2728142738342285,"y":1.8923485279083253,"z":3.113725185394287},"rotation":{"x":-0.20030970871448518,"y":0.5320320129394531,"z":-0.1312372237443924,"w":-0.8122186064720154},"size":1.5000174045562745,"orthographic":false}